Unnamed: 0,Brand me,Ratings,RAM,ROM,Mobile_Size,Primary_Cam,Selfi_Cam,Battery_Power,Price
0,"LG V30+ (Black, 128 )",4.3,4.0,128.0,6.0,48,13.0,4000,24999
1,I Kall K11,3.4,6.0,64.0,4.5,48,12.0,4000,15999
2,Nokia 105 ss,4.3,4.0,4.0,4.5,64,16.0,4000,15000
3,"Samsung Galaxy A50 (White, 64 )",4.4,6.0,64.0,6.4,48,15.0,3800,18999
4,"POCO F1 (Steel Blue, 128 )",4.5,6.0,128.0,6.18,35,15.0,3800,18999
5,"Apple iPhone 11 Pro (Space Grey, 512 )",4.7,8.0,128.0,5.8,35,12.0,5000,140300
6,"Samsung Galaxy A70s (Prism Crush Red, 128 )",4.4,8.0,128.0,6.7,64,5.0,4700,29999
7,"Samsung Galaxy S10 Lite (Prism Blue, 512 )",4.5,8.0,128.0,6.7,48,12.0,4700,47999
8,"OPPO A9 (Marble Green, 128 )",4.4,4.0,128.0,6.53,48,2.0,4020,16490
9,"POCO F1 (Graphite Black, 256 )",4.5,8.0,256.0,6.18,35,5.0,3800,22999
10,Megus Ultra,3.9,6.0,32.0,4.54,64,8.0,4100,1099
11,Jmax M40 Coo of Two,3.8,6.0,32.0,4.5,64,8.0,1050,1299
12,"Wizphone WP (Black, 16 )",,2.0,16.0,5.5,8,,4200,5498
13,Easyfone Star,3.8,6.0,32.0,4.7,64,8.0,3000,3999
14,"OnePlus 7 Pro (Nebula Blue, 256 )",4.5,8.0,256.0,6.67,48,8.0,3800,43999
15,"OnePlus 7 Pro (Mirror Grey, 128 )",4.6,6.0,128.0,6.67,48,8.0,3800,42990
16,Kechaoda A27,4.1,6.0,32.0,3.7,64,,4700,990
17,"Samsung Galaxy S20+ (Cloud Blue, 128 )",4.5,8.0,128.0,6.7,64,1.0,4700,77999
18,"Samsung Galaxy S10 Lite (Prism Black, 512 )",4.5,8.0,128.0,6.7,48,12.0,4700,47999
19,"OPPO A5s (Red, 32 )",4.3,2.0,32.0,6.2,38,2.0,4230,12990
20,InFocus POWER 2,4.1,8.0,64.0,4.54,64,,2500,1199
21,Blacear I7 Trio,3.7,6.0,32.0,2.0,64,13.0,1550,1699
22,Karbonn K451 Power,3.8,6.0,32.0,4.54,48,,3000,1349
23,Micax X742,3.8,6.0,32.0,4.54,25,23.0,3000,1240
24,Snexian Guru 332,,6.0,32.0,4.5,64,32.0,3000,649
25,Snexian Guru 332,,6.0,32.0,4.5,64,13.0,3000,649
26,Blacear i7 Trio,3.8,12.0,24.0,2.0,64,,1550,1690
27,Karbonn K334,3.7,6.0,32.0,4.77,48,,1750,927
28,Lava Prime X,4.1,,32.0,4.5,64,23.0,3000,1599
29,I Kall K23 New Mobile,3.6,8.0,32.0,4.5,48,,3000,649
30,InFocus Selfie C1,3.9,6.0,32.0,4.5,64,15.0,3000,999
31,"LG G8X (Black, 128 )",4.5,6.0,128.0,6.4,35,13.0,3800,54990
32,"Gee A1 (Grey, 64 )",4.0,4.0,64.0,5.5,38,1.0,4010,21499
33,"Tecno Camon 15 Pro (Opal White, 128 )",4.2,6.0,128.0,6.53,48,2.0,3800,15999
34,Lava A7,4.2,6.0,24.0,4.54,48,,1750,1799
35,"Apple iPhone XR ((PRODUCT)RED, 128 )",4.6,12.0,128.0,6.1,35,7.0,3500,573000
36,Micax X749,4.2,6.0,32.0,4.54,48,18.0,1750,1549
37,Itel it2161,4.0,6.0,32.0,4.5,48,,3000,847
38,Karbonn K-Pebble,3.9,12.0,12.0,4.54,48,13.0,3000,1579
39,Karbonn KX21,3.9,6.0,32.0,4.54,48,5.0,3000,1330
40,Inovu A9,3.6,6.0,32.0,4.54,38,,1200,945
41,Inovu A9,3.6,6.0,32.0,4.54,38,0.0,1200,945
42,"LG Q Stylus (Black, 32 )",3.8,3.0,32.0,6.2,48,8.0,3000,15899
43,"OPPO R17 Pro (Emerald Green, 128 )",4.1,8.0,128.0,6.4,35,20.0,3000,31590
44,Micax X516,3.9,6.0,32.0,4.77,48,,1750,1451
45,"Meizu C9 Pro (Black, 32 )",4.1,3.0,32.0,5.4,38,5.0,3000,7490
46,Jivi R21Plus,4.3,1.0,16.0,4.5,48,,3000,798
47,Jivi R21Plus,4.3,1.0,16.0,4.5,48,2.0,3000,869
48,Nokia 3310 DS,3.8,4.0,64.0,4.54,48,,1200,3580
49,Lava 34 ,4.0,6.0,32.0,4.54,64,14.0,2500,1695
50,Easyfone Amico,3.5,6.0,32.0,4.52,48,,3800,2599
51,"Apple iPhone 11 Pro Max (Gold, 64 )",4.7,8.0,64.0,6.5,35,12.0,3000,117100
52,"Samsung Galaxy S8 Plus (Midnight Black, 64 )",4.6,4.0,64.0,6.2,35,8.0,3500,53990
53,"Black Shark 2 (Shadow Black, 128 )",4.4,6.0,128.0,6.39,48,12.0,3800,31999
54,Karbonn K24 Plus Pro,3.8,6.0,32.0,4.54,48,,2800,1299
55,InFocus POWER 2,4.1,8.0,64.0,4.54,64,13.0,2500,1390
56,InFocus Vibe 1,3.6,6.0,32.0,4.5,48,,3000,898
57,Blacear B5 Grip,3.5,6.0,32.0,4.5,64,17.0,1050,799
58,"Apple iPhone 11 Pro (Space Grey, 256 )",4.7,12.0,256.0,5.8,35,12.0,3800,121300
59,JIVI JV 12M,3.7,10.0,32.0,4.5,64,,3000,799
60,"Alcatel 5V (Spectrum Blue, 32 )",4.4,3.0,32.0,6.2,48,1.0,3800,9790
61,Kechaoda A32,3.8,6.0,32.0,4.4,48,,3000,930
62,Kechaoda A32,3.8,6.0,32.0,4.4,48,,3000,930
63,"Redmi Note 5 Pro (Gold, 64 )",4.5,6.0,64.0,5.99,35,5.0,3800,13999
64,Salora Vishaal,3.8,6.0,32.0,4.54,64,,4100,1149
65,"Redmi K20 (Flame Red, 128 )",4.5,6.0,128.0,6.39,48,13.0,3800,24999
66,"Apple iPhone 8 (PRODUCT)RED (Red, 256 )",4.7,12.0,256.0,4.7,35,7.0,5000,56999
67,"Apple iPhone 11 (Yellow, 64 )",4.7,8.0,64.0,6.1,35,12.0,3800,68300
68,"Gee F103 Pro (Grey, 16 )",3.9,3.0,16.0,5.0,38,5.0,4200,8798
69,"Gee F103 Pro (Gold, 16 )",3.9,3.0,16.0,5.0,38,5.0,4200,8990
70,Easyfone Elite,4.1,6.0,32.0,4.54,48,,3000,3149
71,JIVI 12M,3.6,1.0,32.0,4.5,48,10.0,3500,799
72,Karbonn K2 Boom Box,3.9,6.0,32.0,4.5,48,,3000,999
73,"Nexus 6P Special Edit (Gold, 64 )",4.3,3.0,64.0,5.7,35,18.0,3500,42998
74,"OPPO F15 (Lightening Black, 128 )",4.4,8.0,128.0,6.4,48,8.0,3800,18990
75,"Apple iPhone 11 Pro (Gold, 64 )",4.7,8.0,64.0,5.8,35,12.0,3500,106600
76,Dublin D614,,6.0,64.0,4.54,48,,2800,649
77,Karbonn KX23,4.0,6.0,32.0,4.54,48,,1900,1349
78,"LG Q6 (Black, 32 )",4.0,3.0,32.0,5.5,38,5.0,3000,103000
79,"OPPO K1 (Piano Black, 64 )",4.4,6.0,64.0,6.41,48,2.0,3600,18989
80,"Redmi Note 7 Pro (Neptune Blue, 128 )",4.4,6.0,128.0,6.3,48,5.0,3800,17990
81,Nokia 150/150 DS,4.2,4.0,4.0,4.54,48,,1020,1500
82,Kechaoda K112,3.9,6.0,64.0,4.54,48,,3600,1799
83,Itel it5260,,6.0,32.0,4.54,48,32.0,1900,1570
84,"OPPO Reno2 (Ocean Blue, 256 )",4.5,8.0,256.0,6.5,48,8.0,3800,38990
85,Jivi N9030,3.9,1.0,16.0,4.58,48,8.0,3000,1399
86,Inovu A7,3.4,6.0,32.0,4.77,48,,3000,785
87,Easyfone Udaan,4.0,6.0,32.0,4.77,48,,3000,2100
88,"Gee S11 Lite (Gold, 32 )",4.0,4.0,32.0,5.7,38,2.0,3030,9999
89,Nokia 105 Dual Sim 2017,4.2,4.0,4.0,4.5,64,,3500,1149
90,Jivi N300 New,3.9,5.0,32.0,4.54,48,8.0,3000,1049
91,Jivi N300 New,3.9,5.0,32.0,4.54,48,8.0,3000,999
92,Micax X940,3.8,12.0,56.0,4.57,48,10.0,3000,1799
93,Samsung Guru 1200,4.3,,64.0,4.4,64,,3500,1100
94,Samsung Guru FM Plus,4.2,3.0,,,64,,3800,1790
95,Ssky S9007 Rainbow,3.6,6.0,32.0,4.54,64,8.0,2800,1125
96,Samsung Guru Music 2,4.3,,64.0,2.0,64,,3500,1625
97,Q-Tel Q8,3.4,6.0,32.0,4.77,48,8.0,3000,559
98,Ssky S-40 Prime,3.7,6.0,32.0,4.5,64,,3000,749
99,"Redmi K20 Pro (Pearl White, 256 )",4.5,8.0,256.0,6.39,48,13.0,3800,29999
100,"OPPO A3s (Purple, 32 )",4.3,3.0,32.0,6.2,38,2.0,4230,8990
101,"OPPO A83 (Chaagne, 16 )",4.2,2.0,16.0,5.7,38,8.0,3180,9490
102,"OPPO A5s (Black, 32 )",4.3,3.0,32.0,6.2,38,2.0,4230,9490
103,"Vivo Y66 (Crown Gold, 32 )",4.3,3.0,32.0,5.5,38,1.0,3000,14990
104,Micax X772,3.9,4.0,20.0,4.54,48,,3700,1499
105,"Vivo V7 (Gold, 32 )",4.4,4.0,32.0,5.7,48,2.0,3000,18990
106,"Vivo X21 (Black, 128 )",4.2,6.0,128.0,6.28,35,5.0,3200,36990
107,I Kall K3310,3.7,6.0,64.0,4.5,48,,3000,649
108,"Redmi K20 (Pearl White, 64 )",4.5,6.0,64.0,6.39,48,13.0,3800,21999
109,GAMMA K 28,,6.0,32.0,4.5,48,,3000,1099
110,GAMMA K2 no,3.9,6.0,32.0,4.8,48,,3000,940
111,"Samsung Galaxy S20+ (Cosmic Black, 128 )",4.5,8.0,128.0,6.7,64,1.0,4700,77999
112,Karbonn KX1,3.9,6.0,32.0,4.5,48,,3000,899
113,"Redmi K20 (Carbon Black, 128 )",4.5,6.0,128.0,6.39,48,13.0,3800,24999
114,"Mi A3 (More Than White, 128 )",4.2,6.0,128.0,6.08,48,8.0,4030,14990
115,"Apple iPhone XR (Yellow, 128 )",4.6,12.0,64.0,6.1,35,7.0,3500,573000
116,Kechaoda K9,4.1,6.0,64.0,4.54,48,,3700,1250
117,Nokia 216/216 DS,4.3,4.0,64.0,4.54,48,20.0,1020,2450
118,JIVI N3720 Power,4.1,1.0,16.0,4.58,48,8.0,3800,2299
119,BlackZone Neo-B,4.0,6.0,32.0,4.77,48,8.0,1100,685
120,Micax X707,3.6,6.0,2.4,,48,,3000,1190
121,Lava One,4.1,6.0,25.0,4.54,48,12.0,3000,1369
122,Muphone MU M360,4.3,6.0,32.0,4.4,64,,3000,960
123,Micax Flash X910,3.7,4.0,40.0,4.58,48,8.0,3800,1799
124,I Kall K3310,3.7,6.0,64.0,4.5,48,,3000,639
125,I Kall K27 New,3.5,6.0,64.0,4.5,48,8.0,3000,639
126,"OPPO A5s (Blue, 32 )",4.3,3.0,32.0,6.2,38,2.0,4230,13744
127,Micax X412,3.9,6.0,32.0,4.77,64,,4600,1399
128,I Kall K 15,3.5,6.0,64.0,4.5,48,12.0,3000,639
129,"Vivo Y81 (Gold, 32 )",4.3,4.0,32.0,6.22,38,5.0,3260,13950
130,Karbonn K49,3.8,6.0,32.0,4.54,48,,3500,1149
131,"MI3 (Metallic Grey, 16 )",4.4,2.0,16.0,5.0,38,2.0,3050,13999
132,Karbonn K Pebble,4.0,6.0,32.0,4.54,48,,3000,1690
133,Grabo G100,3.7,8.0,64.0,4.5,48,5.0,3000,479
134,Samsung Metro 313 Dual Sim,4.2,4.0,22.0,4.503,48,,3000,2025
135,"Apple iPhone 11 Pro Max (Silver, 64 )",4.7,8.0,64.0,6.5,35,12.0,3500,117100
136,"OPPO R17 (Aient Blue, 128 )",,8.0,128.0,6.4,48,,3500,22999
137,"OPPO R17 (Neon Purple, 128 )",,8.0,128.0,6.4,48,5.0,3500,22999
138,Salora Kiano,3.9,6.0,32.0,4.54,64,,1200,1299
139,Samsung Guru GT,4.1,4.0,,4.4,64,,3500,1549
140,"Redmi Note 8 (Cosmic Purple, 128 )",4.4,6.0,128.0,6.3,48,1.0,3800,153000
141,MTR MT 310,3.7,8.0,64.0,4.5,48,6.0,3000,650
142,Lava A7,4.2,6.0,24.0,4.54,48,,1750,1599
143,I Kall K18 New Coo of Two Mobiles,3.6,6.0,64.0,4.5,48,4.0,3000,1199
144,"Karbonn Titanium S4 (Black, 4 )",3.4,1.0,4.0,4.7,38,2.0,2800,13298
145,MTR Mt312,3.6,8.0,64.0,4.77,48,,3000,650
146,"Redmi Note 6 Pro (Black, 64 )",4.5,6.0,64.0,6.26,35,5.0,3800,17999
147,"Samsung Galaxy A21s (White, 64 )",4.2,4.0,64.0,6.5,48,8.0,5000,16499
148,"Nokia 7.2 (Charcoal, 64 )",4.2,6.0,64.0,6.3,48,5.0,3500,18099
149,MTR Sima,4.2,8.0,64.0,4.77,48,,3000,699
150,"Lava Z61 (Gold, 16 )",4.1,1.0,16.0,5.4,8,5.0,3000,6999
151,MTR Ba,4.3,8.0,64.0,4.77,48,5.0,3000,649
152,I Kall K73,3.2,6.0,64.0,4.5,64,8.0,3500,539
153,Itel It 5605n,4.1,6.0,32.0,4.77,48,,2500,1099
154,Karbonn K338N,3.7,6.0,32.0,4.54,38,16.0,3000,1299
155,MTR Shakti,4.1,6.0,32.0,4.77,48,,3000,649
156,I Kall K3312,3.5,6.0,64.0,4.5,48,8.0,3000,749
157,MTR Shakti,4.1,6.0,32.0,4.5,48,16.0,3000,649
158,"Honor 8X (Black, 128 )",4.4,6.0,128.0,6.5,40,2.0,3750,13699
159,Karbonn K140 Pop,3.9,6.0,32.0,4.5,48,,3000,813
160,GAMMA K1 no,3.8,6.0,32.0,44.0,48,8.0,3000,890
161,"Vivo S1 (Diamond Black, 64 )",4.4,6.0,64.0,6.38,48,8.0,4700,18999
162,Karbonn K19 Rock,3.9,6.0,32.0,4.5,48,,1750,999
163,I Kall K22 New,3.6,6.0,64.0,4.5,48,,3000,649
164,I Kall K3310 Coo Of Two Mobile,3.7,6.0,64.0,4.5,48,12.0,3000,1199
165,Micax X773,3.8,25.0,25.0,4.54,48,,3000,1199
166,Samsung Guru 1200,4.3,,64.0,4.4,64,8.0,3500,1200
167,Tork T13 Ba,4.1,6.0,32.0,4.54,48,8.0,3000,899
168,"Honor 9N (Midnight Black, 64 )",4.3,4.0,64.0,4.8,38,2.0,3000,15999
169,Lava H1 Hero 600,4.0,12.0,24.0,4.5,48,,3500,799
170,"Samsung Galaxy A80 (Phantom Black, 128 )",4.4,8.0,128.0,6.7,48,8.0,3000,52962
171,I Kall K3312,3.5,6.0,64.0,4.5,48,20.0,3000,1299
172,Inovu A7i,3.4,6.0,32.0,4.77,48,,3500,735
173,"Alcatel 5V (Spectrum Black, 32 )",4.4,3.0,32.0,6.2,48,16.0,3800,12999
174,"Mi A2 (Blue/Lake Blue, 64 )",4.2,4.0,64.0,5.99,40,12.0,3010,14990
175,"Mi A3 (Not just Blue, 128 )",4.2,6.0,128.0,6.08,48,8.0,4030,17190
176,"Samsung Galaxy S8 Plus (Maple Gold, 64 )",4.6,4.0,64.0,6.2,35,8.0,3500,53990
177,InFocus VIBE 2,4.2,6.0,32.0,4.54,64,,3000,990
178,"Realme C2 (Diamond Blue, 16 )",4.4,2.0,16.0,6.1,38,2.0,3800,6499
179,"Honor 8X (Blue, 64 )",4.4,6.0,64.0,6.5,40,2.0,3750,19999
180,I Kall K 2180 Coo of Two Mobiles,3.8,6.0,32.0,4.5,48,,3000,1199
181,Lava A1 ,4.1,4.0,3.0,4.5,48,12.0,3000,949
182,Itel It 2163,4.0,6.0,32.0,4.5,48,8.0,3500,948
183,Callbar A35S,3.4,0.0,64.0,4.5,48,,3000,595
184,Easyfone Elite,4.1,6.0,32.0,4.54,48,8.0,3000,3149
185,"POCO F1 (Rosso Red, 64 )",4.5,6.0,64.0,6.18,35,5.0,3800,21999
186,I Kall K55 Coo Of Two Mobile,3.5,6.0,64.0,4.5,48,16.0,3000,1199
187,I Kall K55 Coo Of Two Mobile,3.5,6.0,64.0,4.5,48,,3000,1199
188,"Yuho O1 (Onyx Black, 16 )",3.3,2.0,16.0,5.0,8,,2000,7199
189,InFocus Hero Selfie C1,3.9,6.0,32.0,4.5,64,20.0,3000,950
190,JIVI JV 12M,4.0,30.0,0.0,4.5,64,,3500,799
191,"Vivo V17Pro (Glacier Ice White, 128 )",4.5,8.0,128.0,6.44,48,13.0,4100,253000
192,Samsung Metro 313 Dual Sim,4.2,4.0,2.0,2.0,48,,3000,2025
193,I Kall K25 New,3.5,6.0,64.0,4.5,48,20.0,3000,669
194,Itel It2171,4.1,6.0,32.0,4.5,48,,3000,849
195,Itel It2171,4.1,6.0,32.0,4.5,48,20.0,3000,850
196,I Kall lk22 new,3.6,6.0,64.0,4.5,48,,3000,639
197,Itel It 5022,4.1,6.0,32.0,4.54,48,20.0,3000,1199
198,"Apple iPhone XS (Silver, 256 )",4.7,12.0,64.0,5.8,35,12.0,3500,84900
199,"Honor 9N (Midnight Black, 128 )",4.3,4.0,128.0,5.84,38,2.0,3000,19999
200,InFocus F229,4.0,6.0,32.0,4.54,48,,3000,1640
201,GreenBerry 312,3.4,6.0,64.0,4.5,48,20.0,3000,599
202,I Kall K3310 Coo Of Two Mobile,3.7,6.0,64.0,4.5,48,20.0,3000,1199
203,"Vivo Y81 (Black, 32 )",4.4,3.0,32.0,6.1,38,5.0,3260,13990
204,Mymax A12,4.0,6.0,32.0,4.5,64,,3000,599
205,Intex Eco Selfie 2,3.9,34.0,64.0,4.5,48,21.0,3000,955
206,"Samsung Galaxy S10e (Prism Black, 128 )",4.5,6.0,128.0,5.8,48,12.0,3100,59000
207,I Kall K71 Coo Of Two Mobile,3.2,6.0,64.0,44.0,48,,3500,899
208,Itel It 2190,4.1,6.0,32.0,4.5,48,20.0,3000,1111
209,Itel It 2190,4.1,6.0,32.0,4.5,48,15.0,3000,1099
210,Trio T6*,3.3,6.0,25.0,4.54,64,,3000,715
211,MTR Sima,4.2,8.0,64.0,4.77,48,32.0,3000,749
212,Itel IT5025,3.9,6.0,32.0,4.54,48,,1200,1199
213,"Redmi 8A Dual (Midnight Grey, 64 )",4.3,3.0,64.0,6.22,38,2.0,5000,9998
214,F-Fook F22,3.5,1.0,20.0,4.54,48,,2800,849
215,"Vivo Y17 (Mystic Purple, 128 )",4.4,4.0,128.0,6.35,38,2.0,5000,13900
216,Tork T13 Ba,4.1,6.0,32.0,4.54,48,5.0,3000,850
217,Nokia 3310 DS,3.8,4.0,64.0,4.54,48,,1200,4399
218,"Mi A3 (Kind of Grey, 128 )",4.2,6.0,128.0,6.08,48,8.0,4030,17398
219,I Kall K11,3.4,6.0,64.0,4.5,48,5.0,3000,1099
220,Ecotel E17,3.6,6.0,20.0,4.5,48,,3000,599
221,"Honor 9N (Sapphire Blue, 128 )",4.3,4.0,128.0,5.84,38,2.0,3000,19999
222,Heemax H10,,6.0,32.0,4.5,48,,2500,799
223,"Apple iPhone XS (Silver, 512 )",4.7,8.0,64.0,5.8,35,12.0,3500,112450
224,"OPPO F11 Pro (Aurora Green, 64 )",4.4,6.0,64.0,6.5,48,5.0,3800,24990
225,I kall k6300 NEW,3.9,6.0,32.0,4.58,48,5.0,3000,1499
226,"OPPO F9 Pro (Sunrise Red, 64 )",4.5,6.0,64.0,6.3,48,2.0,3500,19990
227,Forme Turbo1,4.8,12.0,15.0,4.5,35,,2800,899
228,Karbonn K5 Plus,4.0,6.0,32.0,4.5,38,32.0,1750,999
229,Lava 34 ,3.9,8.0,64.0,4.54,64,32.0,2500,1710
230,Heemax H1 Star,3.1,6.0,32.0,4.5,48,,3000,599
231,I Kall K99 Coo Of Two Mobile,3.5,6.0,64.0,4.5,48,21.0,3000,1099
232,"Vivo V7+ (Gold, 64 )",4.4,4.0,64.0,5.99,48,2.0,3225,22221
233,Peace FM1,3.5,8.0,32.0,4.5,48,13.0,2500,799
234,Itel It 2161,4.0,6.0,32.0,4.5,48,13.0,3500,899
235,ITEL IT5025,3.9,6.0,32.0,4.54,48,,1200,1273
236,MTR BA,4.3,8.0,64.0,4.77,48,,3000,649
237,I Kall K88 Coo Of Two Mobile,3.5,6.0,64.0,4.5,48,12.0,3000,1099
238,"Apple iPhone 8 Plus (Gold, 64 )",4.6,8.0,64.0,5.5,35,12.0,3500,49900
239,"Samsung Galaxy Note 10 (Aura Black, 256 )",4.5,8.0,256.0,6.3,35,12.0,3500,75000
240,"tecno Camon i Click (Gold, 64 )",4.4,4.0,64.0,6.0,48,,3750,11950
241,Itel Muzik 3000,4.1,4.0,4.0,4.54,48,12.0,3000,1540
242,I Kall K71 Coo of Two Mobile,3.2,6.0,64.0,44.0,48,,3500,899
243,Lava A7,4.2,6.0,24.0,4.54,48,12.0,1750,1480
244,I Kall K3310,3.7,6.0,64.0,4.5,48,,3000,639
245,Forme Duos N2,4.1,6.0,32.0,4.5,48,0.0,1050,849
246,Kechaoda K35,4.0,6.0,32.0,4.58,48,20.0,3700,1300
247,I Kall K44 Coo of Two Mobiles,3.6,6.0,64.0,4.5,48,,3000,1199
248,I Kall K11,3.4,6.0,64.0,4.5,48,14.0,3000,599
249,MTR Mt310,3.8,8.0,64.0,4.77,48,,3000,649
250,Mafe Leo,3.8,6.0,64.0,4.5,48,11.0,3500,870
251,Karbonn k106s,,10.0,10.0,4.5,48,11.0,3000,920
252,Ssky S3500,3.0,6.0,35.0,4.54,48,23.0,2800,949
253,Itel It 2161,4.0,6.0,32.0,4.5,48,32.0,3500,998
254,I Kall K20 New Coo of Two Mobiles,3.4,6.0,64.0,4.5,48,8.0,3000,1199
255,Jivi Ba 6,3.9,6.0,32.0,4.54,48,0.0,3000,1200
256,I Kall K28,3.4,6.0,64.0,4.54,20,8.0,3500,639
257,Itel It2171,4.1,6.0,32.0,4.5,48,,3000,3000
258,"Honor Play (Midnight Black, 64 )",4.5,6.0,64.0,6.3,48,2.0,3750,25999
259,I Kall K20 New,3.5,6.0,64.0,4.5,48,8.0,3000,639
260,I Kall K20 New,3.5,6.0,64.0,4.5,48,,3000,639
261,Itel It 5605n,4.1,6.0,32.0,4.77,48,5.0,2500,1225
262,Karbonn KX21,3.9,6.0,32.0,4.54,48,,3000,1049
263,"I Kall K200 (Red, 16 )",3.5,2.0,16.0,5.5,5,5.0,2500,4999
264,"Infinix Hot 9 (Ocean Wave, 64 )",4.6,4.0,64.0,6.6,38,2.0,5000,9499
265,"Realme rzo 10 (That Green, 128 )",4.5,4.0,128.0,6.5,48,8.0,5000,11999
266,"Realme rzo 10 (That White, 128 )",4.5,4.0,128.0,6.5,48,8.0,5000,11999
267,"Realme rzo 10 (That Blue, 128 )",4.5,4.0,128.0,6.5,48,8.0,5000,11999
268,"Redmi Note 8 Pro (Halo White, 128 )",4.4,6.0,128.0,6.53,64,8.0,4700,16999
269,"Realme 6 (Comet White, 128 )",4.4,6.0,128.0,6.5,64,8.0,4700,16999
270,"POCO X2 (Matrix Purple, 64 )",4.5,6.0,64.0,6.67,64,8.0,4700,17499
271,"Realme 6 Pro (Lightning Blue, 64 )",4.5,6.0,64.0,6.6,64,12.0,4700,17999
272,"OPPO A9 2020 (Marine Green, 128 )",4.4,4.0,128.0,6.5,48,8.0,5000,16990
273,"Vivo U10 (Thunder Black, 32 )",4.4,3.0,32.0,6.35,38,8.0,5000,10990
274,"Motorola One Fus+ (Twilight Blue, 128 )",4.5,6.0,128.0,6.5,64,8.0,5000,17499
275,"Vivo U10 (Electric Blue, 32 )",4.4,3.0,32.0,6.35,38,8.0,5000,10990
276,"OPPO A12 (Blue, 32 )",4.3,3.0,32.0,6.22,38,2.0,4230,9990
277,"OPPO A12 (Black, 32 )",4.3,3.0,32.0,6.22,38,2.0,4230,9990
278,"Tecno Spark Power 2 (Misty Grey, 64 )",4.3,4.0,64.0,7.0,48,5.0,6000,9999
279,"Tecno Spark Power 2 (Ice Jadeite, 64 )",4.3,4.0,64.0,7.0,48,5.0,6000,9999
280,"OPPO A31 (Fantasy White, 64 )",4.3,4.0,64.0,6.5,35,2.0,4230,12490
281,"OPPO A9 2020 (Space Purple, 128 )",4.3,8.0,128.0,6.5,48,8.0,5000,15990
282,"OPPO A5s (Blue, 32 )",4.3,2.0,32.0,6.2,38,2.0,4230,8990
283,"Vivo Y15 (Aqua Blue, 64 )",4.4,4.0,64.0,6.35,38,2.0,5000,12900
284,"Samsung Galaxy M01 (Black, 32 )",4.3,3.0,32.0,5.7,38,2.0,3800,9939
285,"Vivo Y12 (Aqua Blue, 64 )",4.4,3.0,64.0,6.35,38,2.0,5000,12649
286,"Samsung Galaxy M01 (Blue, 32 )",4.3,3.0,32.0,5.7,38,2.0,3800,9987
287,I Kall K11,3.4,6.0,64.0,4.5,48,,3000,599
288,Nokia 105 ss,4.3,4.0,4.0,4.5,64,,3500,3000
289,"Samsung Galaxy A50 (White, 64 )",4.4,6.0,64.0,6.4,48,5.0,3800,18999
290,"POCO F1 (Steel Blue, 128 )",4.5,6.0,128.0,6.18,35,5.0,3800,18999
291,"Apple iPhone 11 Pro (Space Grey, 512 )",4.7,8.0,64.0,5.8,35,12.0,3500,140300
292,"Samsung Galaxy A70s (Prism Crush Red, 128 )",4.4,8.0,128.0,6.7,64,5.0,4700,29999
293,"Samsung Galaxy S10 Lite (Prism Blue, 512 )",4.5,8.0,128.0,6.7,48,12.0,4700,47999
294,"OPPO A9 (Marble Green, 128 )",4.4,4.0,128.0,6.53,48,2.0,4020,16490
295,"POCO F1 (Graphite Black, 256 )",4.5,8.0,256.0,6.18,35,5.0,3800,22999
296,Megus Ultra,3.9,6.0,32.0,4.54,64,,4100,1099
297,Jmax M40 Coo of Two,3.8,6.0,32.0,4.5,64,,1050,1299
298,"Wizphone WP (Black, 16 )",,2.0,16.0,5.5,8,8.0,4200,5498
299,Easyfone Star,3.8,6.0,32.0,4.7,64,,4300,3999
300,"OnePlus 7 Pro (Nebula Blue, 256 )",4.5,8.0,256.0,6.67,48,8.0,3800,43999
301,"OnePlus 7 Pro (Mirror Grey, 128 )",4.6,6.0,128.0,6.67,48,8.0,3800,42990
302,Kechaoda A27,4.1,6.0,32.0,3.7,64,,3500,990
303,"Samsung Galaxy S20+ (Cloud Blue, 128 )",4.5,8.0,128.0,6.7,64,1.0,4700,77999
304,"Samsung Galaxy S10 Lite (Prism Black, 512 )",4.5,8.0,128.0,6.7,48,12.0,4700,47999
305,"OPPO A5s (Red, 32 )",4.3,2.0,32.0,6.2,38,2.0,4230,12990
306,InFocus POWER 2,4.1,8.0,64.0,4.54,64,,2500,1199
307,Blacear I7 Trio,3.7,6.0,32.0,2.0,64,,1550,1699
308,Karbonn K451 Power,3.8,6.0,32.0,4.54,48,8.0,3000,1349
309,Micax X742,3.8,6.0,32.0,4.54,25,,3000,1240
310,Snexian GURU 106,,6.0,32.0,4.5,25,8.0,1080,649
311,Snexian Guru 106,,6.0,32.0,4.5,25,8.0,1080,649
312,Micax X512,3.9,4.0,24.0,4.77,48,8.0,1750,984
313,Kechaoda K10,4.0,6.0,32.0,3.7,16,8.0,3000,975
314,Kechaoda K66 Plus,4.1,6.0,64.0,4.5,48,,3000,985
315,"Redmi K20 Pro (Carbon Black, 128 )",4.5,6.0,128.0,6.39,48,13.0,3800,24999
316,Micax X809,3.9,6.0,32.0,4.54,25,,3000,1329
317,I Kall K6610,3.5,6.0,64.0,4.5,48,,3000,599
318,"OnePlus 7T (Glacier Blue, 256 )",4.6,8.0,256.0,6.55,48,1.0,3000,38050
319,"OnePlus 7T (Frosted Silver, 128 )",4.6,8.0,128.0,6.55,48,1.0,3000,37319
320,"Apple iPhone 7 Plus (Gold, 32 )",4.5,6.0,64.0,5.5,35,12.0,3500,36999
321,"Realme X2 Pro (Lur White, 128 )",4.5,8.0,128.0,6.5,64,13.0,3800,31999
322,"Realme X2 Pro (Lur White, 256 )",4.6,12.0,25.0,6.5,64,13.0,3800,35999
323,"Realme X2 Pro (Neptune Blue, 128 )",4.5,8.0,128.0,6.5,64,13.0,3800,31999
324,"Honor 9X (Sapphire Blue, 128 )",4.4,6.0,128.0,6.59,48,8.0,3800,16999
325,"Vivo Y91i (Black, 32 )",4.4,2.0,32.0,6.22,38,5.0,4030,8996
326,"Samsung Galaxy M31 (Space Black, 128 )",4.5,6.0,128.0,6.4,64,8.0,6000,19900
327,"iQOO 3 (Tordo Black, 128 )",4.4,8.0,128.0,6.44,48,13.0,4440,34990
328,Lava One,4.1,6.0,32.0,4.54,48,,3000,1699
329,Easyfone Star,3.8,6.0,32.0,4.7,64,,3500,3999
330,Easyfone Star,3.8,6.0,32.0,4.7,64,5.0,3000,3999
331,"Samsung Galaxy A20s (Blue, 64 )",4.3,4.0,64.0,6.5,38,8.0,3800,14999
332,"Vivo V17 (Glacier ice white, 128 )",4.5,8.0,128.0,6.44,48,8.0,4700,24990
333,"Apple iPhone 11 (Red, 64 )",4.7,8.0,64.0,6.1,35,12.0,5000,68300
334,Kechaoda K66 Plus,4.1,6.0,32.0,4.4,48,,2500,985
335,Kechaoda K10,4.0,6.0,32.0,3.7,16,,3000,980
336,BlackZone ATOM,3.0,8.0,64.0,4.54,48,,3800,899
337,"Vivo S1 (Diamond Black, 128 )",4.5,4.0,128.0,6.38,48,8.0,4700,16990
338,Kechaoda K115,4.1,6.0,32.0,4.4,48,,2500,935
339,"Apple iPhone 8 (Space Grey, 64 )",4.5,8.0,64.0,4.7,35,7.0,5000,38999
340,Kechaoda A27,4.1,6.0,32.0,3.7,64,,5000,930
341,Kechaoda A27,4.1,6.0,32.0,3.7,64,5.0,3500,980
342,"Samsung Galaxy Note10 Lite (Aura Black, 128 )",4.5,8.0,128.0,6.7,35,12.0,4700,39999
343,"Nokia 3.2 (Black, 32 )",4.1,3.0,32.0,6.26,38,,3800,9999
344,"Samsung Galaxy A21s (White, 64 )",4.3,6.0,64.0,6.5,48,8.0,5000,18499
345,Micax X421,3.9,6.0,32.0,4.77,48,,2800,1099
346,Micax X421,3.9,6.0,32.0,4.77,48,5.0,2800,982
347,Blacear B5 Tork,,8.0,64.0,4.5,16,,3000,799
348,"iQOO 3 (Quantum Silver, 128 )",4.4,8.0,128.0,6.44,48,13.0,4440,34990
349,"iQOO 3 (Quantum Silver, 256 )",4.4,8.0,256.0,6.44,48,13.0,4440,37990
350,"Vivo Y91i (Black, 32 )",4.3,3.0,32.0,6.22,38,,4030,10169
351,Samsung Guru 1200,4.3,,64.0,4.4,64,,3500,1346
352,"Redmi Note 8 Pro (Electric Blue, 64 )",4.4,6.0,64.0,6.53,64,8.0,4700,16899
353,"Google Pixel 3a (Clearly White, 64 )",4.5,4.0,64.0,5.6,35,20.0,3000,30999
354,Salora VOLT 2,3.9,6.0,32.0,4.5,64,,2000,749
355,"Samsung Galaxy A21s (Black, 64 )",4.3,6.0,64.0,6.5,48,8.0,5000,18499
356,Good One Magic,4.1,6.0,32.0,4.7,48,5.0,3000,1499
357,Karbonn K140 Pop,3.9,6.0,32.0,4.5,48,5.0,3000,849
358,Lava A1 ,4.0,6.0,32.0,4.5,48,5.0,3000,1049
359,Detel D1 Cha,3.7,6.0,32.0,4.5,48,,3000,649
360,"Mi Mix 2 (Black, 128 )",4.3,6.0,128.0,5.99,35,5.0,3700,16999
361,"Vivo V19 (Piano Black, 256 )",4.4,8.0,256.0,6.44,48,8.0,4700,31990
362,Hicell C5,3.6,6.0,64.0,4.5,48,,3500,629
363,Kechaoda K33,4.1,6.0,32.0,44.0,48,5.0,3000,970
364,"Samsung Galaxy Note10 Lite (Aura Glow, 128 )",4.5,8.0,128.0,6.7,35,12.0,4700,39999
365,Karbonn KX24,3.9,6.0,32.0,4.54,48,,3000,1349
366,Micax X1i Power,3.9,6.0,32.0,4.54,48,5.0,1750,1110
367,Kechaoda K-55 Plus,4.0,8.0,,4.77,48,,2500,1045
368,"Honor 20 (Midnight Black, 128 )",4.4,6.0,128.0,6.26,48,2.0,3750,22999
369,I Kall K34 New,3.6,6.0,64.0,4.5,48,,3000,649
370,"OPPO Reno3 Pro (Midnight Black, 128 )",4.4,8.0,128.0,6.4,64,13.0,4025,29990
371,"Samsung Galaxy A71 (Prism Crush Black, 128 )",4.4,8.0,128.0,6.7,64,12.0,4700,32999
372,"Redmi K20 Pro (Pearl White, 128 )",4.5,6.0,128.0,6.39,48,13.0,3000,24999
373,I Kall K6610,3.5,6.0,64.0,4.5,48,5.0,3000,599
374,Nokia 150,4.2,4.0,4.0,4.54,48,,1020,2135
375,"iQOO 3 (5G) (Tordo Black, 256 )",4.4,12.0,25.0,6.44,48,13.0,4440,44990
376,"OPPO Reno 10x Zoom (Ocean Green, 256 )",4.5,8.0,256.0,6.6,48,13.0,4065,41990
377,Blacear B5 Nex,3.7,8.0,64.0,4.5,64,,1050,799
378,"Realme 2 Pro (Black Sea, 128 )",4.5,8.0,128.0,6.3,48,2.0,3500,15490
379,Hicell C2 Dezire,3.4,6.0,32.0,4.5,48,5.0,1050,629
380,"Realme X2 Pro (Neptune Blue, 64 )",4.5,6.0,64.0,6.5,64,13.0,3800,29999
381,Hicell C2 Dezire,3.4,6.0,32.0,4.5,48,,1050,629
382,"Vivo V19 (Mystic Silver, 256 )",4.4,8.0,256.0,6.44,48,8.0,4700,31990
383,"OnePlus 7T Pro (Haze Blue, 256 )",4.6,8.0,256.0,6.67,48,1.0,4085,46970
384,Micax X750,4.2,6.0,32.0,4.54,48,5.0,2500,1259
385,Lava 34 Plus,4.2,6.0,32.0,4.54,64,,2500,1619
386,"Redmi Note 6 Pro (Red, 64 )",4.5,4.0,64.0,6.26,35,5.0,3000,14995
387,Nokia 106,4.2,4.0,4.0,4.5,64,5.0,3500,1349
388,Blacear C-99 Sultan,3.6,8.0,64.0,4.54,64,5.0,2500,1079
389,Easyfone Royale,4.1,6.0,32.0,4.54,48,20.0,3500,3399
390,Kechaoda K115,4.1,6.0,32.0,4.4,48,12.0,2500,970
391,Kechaoda A27,4.1,6.0,32.0,3.7,64,12.0,3500,945
392,Karbonn K9 SPY,3.9,4.0,64.0,4.54,64,,1750,1399
393,"OPPO A9 2020 (Vanilla Mint, 128 )",4.3,8.0,128.0,6.52,48,8.0,5000,15990
394,I Kall K33 New,3.7,6.0,64.0,4.54,48,12.0,1500,749
395,Kechaoda K116 Plus,4.0,6.0,32.0,4.77,48,12.0,3800,980
396,"OPPO F11 Pro (Aurora Green, 128 )",4.4,6.0,128.0,6.5,48,5.0,3800,17990
397,Lava Gem,4.3,6.0,32.0,4.58,64,12.0,1750,1799
398,MTR Ferrari,4.1,8.0,64.0,4.77,48,,3800,1275
399,MTR Ferrari,4.1,8.0,64.0,4.77,48,8.0,5000,1275
400,MTR Ferrari,4.1,8.0,64.0,4.77,48,,3000,1275
401,Itel IT 2163,4.0,6.0,32.0,4.5,48,12.0,3000,949
402,"Google Pixel 3a (Just Black, 64 )",4.5,4.0,64.0,5.6,35,20.0,3000,30999
403,"Samsung Galaxy M31 (Ocean Blue, 128 )",4.5,6.0,128.0,6.4,64,8.0,6000,19900
404,BlackZone M4,3.8,6.0,32.0,4.4,48,,2500,705
405,BlackZone M4,3.8,6.0,32.0,4.4,48,12.0,2500,705
406,"Lava Z41 (Aer Red, 16 )",4.1,1.0,16.0,5.0,5,2.0,2500,5049
407,"Redmi K20 (Carbon Black, 64 )",4.5,6.0,64.0,6.39,48,13.0,3800,21999
408,"Apple iPhone 7 Plus (Rose Gold, 32 )",4.5,6.0,64.0,5.5,35,12.0,3500,36999
409,Karbonn k24+,3.8,6.0,32.0,4.54,48,12.0,2800,1149
410,Itel Magic 1,4.2,6.0,32.0,4.54,48,20.0,1200,1499
411,Salora Volt 2,3.9,6.0,32.0,4.5,64,12.0,2000,749
412,Lava A7 Wave,4.2,8.0,51.0,4.54,48,,1750,1599
413,"OPPO Reno3 Pro (Sky White, 128 )",4.4,8.0,128.0,6.4,64,13.0,4025,29990
414,"OPPO Reno3 Pro (Auroral Blue, 128 )",4.4,8.0,128.0,6.4,64,13.0,4025,29990
415,Jivi N3,3.7,0.0,64.0,4.54,64,,3500,949
416,Kechaoda A27,4.1,6.0,32.0,3.7,64,15.0,3500,970
417,I Kall K25 New,3.5,6.0,64.0,4.5,48,,3000,649
418,"Redmi Note 6 Pro (Rose Gold, 64 )",4.5,6.0,64.0,6.26,35,5.0,3000,16675
419,Micax X381,3.8,6.0,32.0,4.77,48,15.0,3000,959
420,Micax X381,3.8,6.0,32.0,4.77,48,15.0,3000,995
421,"Vivo S1 (Skyline Blue, 64 )",4.4,6.0,64.0,6.38,48,8.0,4700,18990
422,Salora Coral,3.7,6.0,32.0,4.54,64,,2800,899
423,Kechaoda K33,4.1,6.0,32.0,44.0,48,15.0,3000,935
424,Kechaoda K33,4.1,6.0,32.0,44.0,48,15.0,3000,970
425,Kechaoda K33,4.1,6.0,32.0,44.0,48,15.0,3000,940
426,"Vivo Y15 (Burgundy Red, 64 )",4.4,4.0,64.0,6.35,38,2.0,5000,12900
427,Lava 34 ,4.0,6.0,32.0,4.54,64,,2500,1699
428,I Kall K28 Coo of Two Mobiles,3.4,6.0,64.0,4.54,20,,3500,1299
429,"OnePlus 7 Pro (Nebula Blue, 256 )",4.5,8.0,256.0,6.67,48,8.0,3800,42990
430,"OnePlus 7 Pro (Mirror Grey, 128 )",4.6,6.0,128.0,6.67,48,8.0,3800,42990
431,"Lenovo A5 (Black, 32 )",4.0,3.0,32.0,5.4,38,8.0,3800,7999
432,"Samsung Galaxy S20+ (Cloud Blue, 128 )",4.5,8.0,128.0,6.7,64,1.0,4700,77999
433,Blacear I7 Trio,3.7,6.0,32.0,2.0,64,16.0,1550,1699
434,Karbonn K451 Power,3.8,6.0,32.0,4.54,48,16.0,3000,1349
435,Lava A3,4.2,4.0,3.0,4.77,48,,1750,1299
436,"Apple iPhone 11 Pro (Silver, 512 )",4.7,8.0,64.0,5.8,35,12.0,5000,140300
437,"Samsung Galaxy S10 (Prism White, 512 )",4.6,8.0,128.0,6.1,48,12.0,3000,563000
438,Lava A1,4.2,12.0,24.0,4.77,48,,3000,1149
439,"OnePlus 6T (Speed Orange, 256 )",4.1,10.0,25.0,6.41,48,2.0,3000,39999
440,"Micax Canvas Infinity (Black, 32 )",4.1,3.0,32.0,5.7,38,1.0,2900,9990
441,Lava A1 Josh,4.2,4.0,64.0,4.5,64,,3500,1098
442,Lava A1 Josh,4.2,4.0,64.0,4.5,64,16.0,3000,1099
443,I Kall K3312 Coo,3.5,6.0,64.0,4.5,48,16.0,3000,1199
444,Micax X749,4.2,6.0,32.0,4.54,48,61.0,1750,1390
445,Blacear i7 Trio,3.8,12.0,24.0,2.0,64,,1550,1690
446,Karbonn K334,3.7,6.0,32.0,4.77,48,,1750,927
447,"Vivo V15 Pro (Ruby Red, 128 )",4.5,6.0,128.0,6.39,48,32.0,3000,21099
448,"Apple iPhone 7 Plus (Silver, 32 )",4.5,6.0,64.0,5.5,35,12.0,3500,36999
449,Snexian Guru 332,,6.0,32.0,4.5,64,,3000,649
450,Snexian Guru 332,,6.0,32.0,4.5,64,,3000,649
451,Lava Prime X,4.1,6.0,32.0,4.5,64,8.0,3000,1599
452,I Kall K23 New Mobile,3.6,8.0,32.0,4.5,48,8.0,3000,649
453,Lava A7,4.2,6.0,24.0,4.54,48,8.0,1750,1799
454,"Apple iPhone XR ((PRODUCT)RED, 128 )",4.6,12.0,64.0,6.1,35,7.0,3500,573000
455,Micax X749,4.2,6.0,32.0,4.54,48,5.0,1750,1549
456,Karbonn K-Pebble,3.9,12.0,12.0,4.54,48,5.0,3000,1579
457,Karbonn KX21,3.9,6.0,32.0,4.54,48,,3000,1330
458,"OPPO R17 Pro (Emerald Green, 128 )",4.1,8.0,128.0,6.4,35,20.0,3000,31590
459,Inovu A9,3.6,6.0,32.0,4.54,38,20.0,1200,945
460,Inovu A9,3.6,6.0,32.0,4.54,38,0.0,1200,945
461,"LG Q Stylus (Black, 32 )",3.8,3.0,32.0,6.2,48,8.0,3000,15899
462,"Meizu C9 Pro (Black, 32 )",4.1,3.0,32.0,5.4,38,5.0,3000,7490
463,Micax X516,3.9,6.0,32.0,4.77,48,,1750,1451
464,Jivi R21Plus,4.3,1.0,16.0,4.5,48,8.0,3000,869
465,Jivi R21Plus,4.3,1.0,16.0,4.5,48,8.0,3000,798
466,Snexian Guru 324,,6.0,32.0,4.5,64,,3000,649
467,Kechaoda K2,3.9,6.0,32.0,4.5,48,11.0,3000,900
468,Snexian Guru 324,,6.0,32.0,4.5,64,,3000,649
469,Nokia 105 SS,4.3,4.0,4.0,4.77,64,11.0,3500,1349
470,"Moto One (White, 64 )",4.1,4.0,64.0,5.9,38,2.0,3000,14999
471,"LG Q7+ (Black, 64 )",3.4,4.0,64.0,5.5,48,5.0,3000,13999
472,"Vivo V17Pro (Midnight Ocean Black, 128 )",4.5,8.0,128.0,6.44,48,13.0,4100,29499
473,Nokia 105,4.2,4.0,4.0,4.5,64,13.0,3500,1599
474,"Vivo Y91i (Ocean Blue, 16 )",4.4,2.0,16.0,6.22,38,5.0,4030,9350
475,"Samsung Galaxy A50 (Blue, 64 )",4.4,6.0,64.0,6.4,48,5.0,3800,18999
476,Lava 34 ,4.0,6.0,32.0,4.54,64,,2500,1695
477,Nokia 3310 DS,3.8,4.0,64.0,4.54,48,,1200,3580
478,"Apple iPhone 11 Pro Max (Gold, 64 )",4.7,8.0,64.0,6.5,35,12.0,3500,117100
479,"Samsung Galaxy S8 Plus (Midnight Black, 64 )",4.6,4.0,64.0,6.2,35,8.0,3500,53990
480,"Black Shark 2 (Shadow Black, 128 )",4.4,6.0,128.0,6.39,48,12.0,3800,31999
481,InFocus Vibe 1,3.6,6.0,32.0,4.5,48,,3000,898
482,Karbonn K24 Plus Pro,3.8,6.0,32.0,4.54,48,,2800,1299
483,"Alcatel 5V (Spectrum Blue, 32 )",4.4,3.0,32.0,6.2,48,1.0,3800,9790
484,JIVI JV 12M,3.7,10.0,32.0,4.5,64,,3500,799
485,Blacear B5 Grip,3.5,6.0,32.0,4.5,64,14.0,1050,799
486,Kechaoda A32,3.8,6.0,32.0,4.4,48,14.0,3000,930
487,Kechaoda A32,3.8,6.0,32.0,4.4,48,,3000,930
488,"Redmi Note 5 Pro (Gold, 64 )",4.5,6.0,64.0,5.99,35,5.0,3800,13999
489,"Apple iPhone 8 (PRODUCT)RED (Red, 256 )",4.7,12.0,64.0,4.7,35,7.0,3500,56999
490,"Apple iPhone 11 (Yellow, 64 )",4.7,8.0,64.0,6.1,35,12.0,3500,68300
491,Easyfone Elite,4.1,6.0,32.0,4.54,48,20.0,3000,3149
492,JIVI 12M,3.6,1.0,32.0,4.5,48,,3500,799
493,Lava GEM,4.2,8.0,,4.58,64,,1750,1840
494,"Samsung Galaxy A9 (Bubblegum Pink, 128 )",4.4,6.0,128.0,6.3,26,5.0,3000,27999
495,Ssky K-2,3.6,6.0,35.0,4.5,64,,1050,849
496,"Vivo V9 (Pearl Black (Golden Line), 64 )",4.5,4.0,64.0,6.3,48,5.0,3260,23990
497,"Vivo NEX (Black, 128 )",4.2,8.0,128.0,6.59,35,5.0,3800,29990
498,"Honor 9 Lite (Sapphire Blue, 32 )",4.3,3.0,32.0,5.65,38,2.0,3000,13999
499,"Samsung Galaxy S20+ (Cosmic Gray, 128 )",4.5,8.0,128.0,6.7,64,1.0,4700,77999
500,"Apple iPhone XR (Coral, 128 )",4.6,12.0,64.0,6.1,35,7.0,3500,573000
501,"Lenovo VIBE P1 (Grey, 32 )",4.1,2.0,32.0,5.5,38,5.0,4900,15999
502,Ssky S-20 Eco,3.8,6.0,64.0,4.5,64,,3000,749
503,Ssky S-20 Eco,3.8,6.0,64.0,4.5,64,,3000,749
504,"Redmi Note 7S (Sapphire Blue, 32 )",4.4,3.0,32.0,6.3,48,5.0,3800,9999
505,Karbonn K2 Boom Box,3.9,6.0,32.0,4.5,48,,3000,999
506,"Apple iPhone 11 Pro (Gold, 64 )",4.7,8.0,64.0,5.8,35,12.0,3500,106600
507,"Nexus 6P Special Edit (Gold, 64 )",4.3,3.0,64.0,5.7,35,20.0,3500,42998
508,"Vivo Y19 (Spring White, 128 )",4.4,4.0,128.0,6.53,48,8.0,5000,16299
509,Dublin D614,,6.0,64.0,4.54,48,,2800,649
510,Lava A1,4.2,12.0,24.0,4.77,48,,5000,3000
511,"OPPO A1K (Red, 32 )",4.3,2.0,32.0,6.1,8,5.0,3800,8490
512,"OPPO K1 (Piano Black, 64 )",4.4,6.0,64.0,6.41,48,13.0,3600,18989
513,Itel it5260,,6.0,32.0,4.54,48,13.0,1900,1570
514,Kechaoda K112,3.9,6.0,64.0,4.54,48,,3600,1799
515,"Gee S11 Lite (Gold, 32 )",4.0,4.0,32.0,5.7,38,2.0,3030,9999
516,Nokia 105 Dual Sim 2017,4.2,4.0,4.0,4.5,64,,3500,1149
517,Jivi N300 New,3.9,5.0,32.0,4.54,48,8.0,3000,999
518,Jivi N300 New,3.9,5.0,32.0,4.54,48,8.0,3000,1049
519,Jivi N9030,3.9,1.0,16.0,4.58,48,8.0,3000,1399
520,"OPPO Reno2 (Ocean Blue, 256 )",4.5,8.0,256.0,6.5,48,8.0,3800,38990
521,Easyfone Udaan,4.0,6.0,32.0,4.77,48,,3000,2100
522,Micax X940,3.8,12.0,56.0,4.57,48,13.0,3000,1799
523,Samsung Guru 1200,4.3,,64.0,4.4,64,13.0,3500,1100
524,"Realme 3 Pro (Nitro Blue, 64 )",4.5,6.0,64.0,6.3,48,5.0,4045,15999
525,Karbonn KX21,3.9,6.0,32.0,4.54,48,13.0,3000,1330
526,Micax X749,4.2,6.0,32.0,4.54,48,13.0,1750,1549
527,Itel it2161,4.0,6.0,32.0,4.5,48,13.0,3000,847
528,Karbonn K-Pebble,3.9,12.0,12.0,4.54,48,,3000,1579
529,Inovu A9,3.6,6.0,32.0,4.54,38,20.0,1200,945
530,Inovu A9,3.6,6.0,32.0,4.54,38,0.0,1200,945
531,"LG Q Stylus (Black, 32 )",3.8,3.0,32.0,6.2,48,8.0,3000,15899
532,"OPPO R17 Pro (Emerald Green, 128 )",4.1,8.0,128.0,6.4,35,20.0,3000,31590
533,Micax X516,3.9,6.0,32.0,4.77,48,,1750,1451
534,"Moto One (White, 64 )",4.1,4.0,64.0,5.9,38,2.0,3000,14999
535,"Meizu C9 Pro (Black, 32 )",4.1,3.0,32.0,5.4,38,5.0,3000,7490
536,Jivi R21Plus,4.3,1.0,16.0,4.5,48,8.0,3000,869
537,Jivi R21Plus,4.3,1.0,16.0,4.5,48,8.0,3000,798
538,"OPPO A5s (Gold, 64 )",4.3,4.0,64.0,6.2,38,2.0,4230,15656
539,Gfive U229 Coo of Two,3.9,6.0,32.0,4.5,64,,3000,1089
540,Snexian Guru 324,,6.0,32.0,4.5,64,15.0,3000,649
541,Kechaoda K2,3.9,6.0,32.0,4.5,48,15.0,3000,900
542,Snexian Guru 324,,6.0,32.0,4.5,64,,3000,649
543,Nokia 105,4.2,4.0,4.0,4.5,64,13.0,3500,1575
544,"Redmi K20 (Glacier Blue, 128 )",4.5,6.0,128.0,6.39,48,13.0,3800,24999
545,Nokia 105 SS,4.3,4.0,4.0,4.77,64,,3500,1349
546,"LG Q7+ (Black, 64 )",3.4,4.0,64.0,5.5,48,5.0,3000,13999
547,Jivi N3,4.1,6.0,32.0,4.54,64,20.0,3500,949
548,Lava 34 ,4.0,6.0,32.0,4.54,64,,2500,1695
549,Karbonn K24 Plus Pro,3.8,6.0,32.0,4.54,48,,2800,1299
550,"Apple iPhone 11 Pro (Space Grey, 256 )",4.7,12.0,64.0,5.8,35,12.0,3500,121300
551,JIVI JV 12M,3.7,10.0,32.0,4.5,64,,3500,799
552,"Alcatel 5V (Spectrum Blue, 32 )",4.4,3.0,32.0,6.2,48,1.0,3800,9790
553,Blacear B5 Grip,3.5,6.0,32.0,4.5,64,,1050,799
554,"Redmi Note 5 Pro (Gold, 64 )",4.5,6.0,64.0,5.99,35,5.0,3800,13999
555,Kechaoda A32,3.8,6.0,32.0,4.4,48,,3800,930
556,Kechaoda A32,3.8,6.0,32.0,4.4,48,32.0,3800,930
557,"Redmi K20 (Flame Red, 128 )",4.5,6.0,128.0,6.39,48,13.0,3800,24999
558,Salora Vishaal,3.8,6.0,32.0,4.54,64,23.0,4100,1149
559,"Apple iPhone 8 (PRODUCT)RED (Red, 256 )",4.7,12.0,64.0,4.7,35,7.0,3500,56999
560,"Gee F103 Pro (Grey, 16 )",3.9,3.0,16.0,5.0,38,5.0,2500,8798
561,"Gee F103 Pro (Gold, 16 )",3.9,3.0,16.0,5.0,38,5.0,4200,8990
562,"Apple iPhone 11 (Yellow, 64 )",4.7,8.0,64.0,6.1,35,12.0,3500,68300
563,Easyfone Elite,4.1,6.0,32.0,4.54,48,20.0,3000,3149
564,Lava PRIME Z,4.1,6.0,32.0,4.54,64,,1200,1599
565,"Apple iPhone 8 Plus (Gold, 256 )",4.6,12.0,64.0,5.5,35,12.0,3500,67820
566,Lava GEM,4.2,8.0,64.0,4.58,64,,1750,1840
567,JIVI 12M,3.6,1.0,32.0,4.5,48,,3500,799
568,Ssky K-2,3.6,6.0,35.0,4.5,64,,1050,849
569,"Samsung Galaxy A9 (Bubblegum Pink, 128 )",4.4,6.0,128.0,6.3,26,5.0,3000,27999
570,"Honor 9 Lite (Sapphire Blue, 32 )",4.3,3.0,32.0,5.65,38,2.0,3000,13999
571,"Vivo V9 (Pearl Black (Golden Line), 64 )",4.5,4.0,64.0,6.3,48,5.0,3260,23990
572,"Vivo NEX (Black, 128 )",4.2,8.0,128.0,6.59,35,5.0,3800,29990
573,Gfive Guru,3.7,12.0,64.0,4.5,48,,1050,699
574,Micax X512,3.9,4.0,24.0,4.77,48,,1750,984
575,Snexian GURU 106,,6.0,32.0,4.5,25,,1080,649
576,"Samsung Galaxy A51 (Prism Crush White, 128 )",4.4,6.0,128.0,6.4,48,12.0,3800,25250
577,Snexian Guru 106,,6.0,32.0,4.5,25,,1080,649
578,Kechaoda K10,4.0,6.0,32.0,3.7,16,,3000,975
579,Micax X809,3.9,6.0,32.0,4.54,25,,3000,1329
580,"Redmi K20 Pro (Carbon Black, 128 )",4.5,6.0,128.0,6.39,48,13.0,3000,24999
581,Kechaoda K66 Plus,4.1,6.0,64.0,4.5,48,,3000,985
582,"OnePlus 7T (Glacier Blue, 256 )",4.6,8.0,256.0,6.55,48,1.0,3000,38050
583,"OnePlus 7T (Frosted Silver, 128 )",4.6,8.0,128.0,6.55,48,1.0,3000,37319
584,I Kall K6610,3.5,6.0,64.0,4.5,48,,3000,599
585,"Apple iPhone 7 Plus (Gold, 32 )",4.5,6.0,64.0,5.5,35,12.0,3500,36999
586,"Realme X2 Pro (Lur White, 256 )",4.6,12.0,25.0,6.5,64,13.0,3800,35999
587,"Realme X2 Pro (Lur White, 128 )",4.5,8.0,128.0,6.5,64,13.0,3800,31999
588,"Realme X2 Pro (Neptune Blue, 128 )",4.5,8.0,128.0,6.5,64,13.0,3800,31999
589,"Vivo Y91i (Black, 32 )",4.4,2.0,32.0,6.22,38,5.0,4030,8995
590,Micax X412,3.9,6.0,32.0,4.77,25,,3000,899
591,"Samsung Galaxy M31 (Space Black, 128 )",4.5,6.0,128.0,6.4,64,8.0,6000,19900
592,"OPPO A9 2020 (Marine Green, 128 )",4.4,4.0,128.0,6.5,48,8.0,5000,16990
593,"Apple iPhone 6s (Space Grey, 32 )",4.5,6.0,64.0,4.7,35,5.0,3500,28999
594,"iQOO 3 (Tordo Black, 128 )",4.4,8.0,128.0,6.44,48,13.0,4440,34990
595,"Nokia 2.3 (Charcoal, 32 )",4.0,2.0,32.0,6.2,38,2.0,3800,9989
596,Lava One,4.1,6.0,32.0,4.54,48,5.0,3000,1699
597,Easyfone Star,3.8,6.0,32.0,4.7,64,5.0,5000,3999
598,Easyfone Star,3.8,6.0,32.0,4.7,64,,3400,3999
599,"Vivo V17 (Glacier ice white, 128 )",4.5,8.0,128.0,6.44,48,8.0,4700,24990
600,"Apple iPhone 11 (Red, 64 )",4.7,8.0,64.0,6.1,35,12.0,3500,68300
601,Kechaoda K66 Plus,4.1,6.0,32.0,4.4,48,,2500,985
602,Kechaoda K10,4.0,6.0,32.0,3.7,16,23.0,3000,980
603,BlackZone ATOM,3.0,8.0,64.0,4.54,48,23.0,3800,899
604,Kechaoda A27,4.1,6.0,32.0,3.7,64,,3500,980
605,Kechaoda A27,4.1,6.0,32.0,3.7,64,23.0,3500,930
606,Kechaoda K115,4.1,6.0,32.0,4.4,48,,2500,935
607,"Vivo S1 (Diamond Black, 128 )",4.5,4.0,128.0,6.38,48,8.0,4700,16990
608,"Samsung Galaxy Note10 Lite (Aura Black, 128 )",4.5,8.0,128.0,6.7,35,12.0,4700,39999
609,"Samsung Galaxy A21s (White, 64 )",4.3,6.0,64.0,6.5,48,8.0,5000,18499
610,"iQOO 3 (Quantum Silver, 128 )",4.4,8.0,128.0,6.44,48,13.0,4440,34990
611,"iQOO 3 (Quantum Silver, 256 )",4.4,8.0,256.0,6.44,48,13.0,4440,37990
612,Blacear B5 Tork,,8.0,64.0,4.5,16,,3000,799
613,Micax X421,3.9,6.0,32.0,4.77,48,12.0,2800,982
614,Micax X421,3.9,6.0,32.0,4.77,48,,2800,1099
615,"Redmi Note 8 Pro (Electric Blue, 64 )",4.4,6.0,64.0,6.53,64,8.0,4700,16899
616,Samsung Guru 1200,4.3,,64.0,4.4,64,,3500,1346
617,"Google Pixel 3a (Clearly White, 64 )",4.5,4.0,64.0,5.6,35,20.0,3000,30999
618,Salora VOLT 2,3.9,6.0,32.0,4.5,64,,2000,749
619,"Samsung Galaxy A21s (Black, 64 )",4.3,6.0,64.0,6.5,48,8.0,5000,18499
620,Good One Magic,4.1,6.0,32.0,4.7,48,12.0,3000,1499
621,Detel D1 Cha,3.7,6.0,32.0,4.5,48,,3000,649
622,"Mi Mix 2 (Black, 128 )",4.3,6.0,128.0,5.99,35,12.0,3000,16999
623,Karbonn K140 Pop,3.9,6.0,32.0,4.5,48,,3000,849
624,Lava A1 ,4.0,6.0,32.0,4.5,48,12.0,4700,1049
625,"Vivo V19 (Piano Black, 256 )",4.4,8.0,256.0,6.44,48,8.0,4700,31990
626,Hicell C5,3.6,6.0,64.0,4.5,48,,3500,629
627,"Samsung Galaxy Note10 Lite (Aura Glow, 128 )",4.5,8.0,128.0,6.7,35,12.0,4700,39999
628,Kechaoda K33,4.1,6.0,32.0,44.0,48,,3000,970
629,"OnePlus 7 (Red, 256 )",4.6,8.0,256.0,6.41,48,5.0,3000,35999
630,Kechaoda K-55 Plus,4.0,8.0,64.0,4.77,48,,3500,1045
631,Micax X1i Power,3.9,6.0,32.0,4.54,48,12.0,1750,1110
632,Karbonn KX24,3.9,6.0,32.0,4.54,48,,3000,1349
633,"Redmi K20 Pro (Pearl White, 128 )",4.5,6.0,128.0,6.39,48,13.0,3800,24999
634,"Samsung Galaxy A71 (Prism Crush Black, 128 )",4.4,8.0,128.0,6.7,64,12.0,4700,32999
635,I Kall K34 New,3.6,6.0,64.0,4.5,48,,3000,649
636,"OPPO Reno3 Pro (Midnight Black, 128 )",4.4,8.0,128.0,6.4,64,13.0,4025,29990
637,"Honor 20 (Midnight Black, 128 )",4.4,6.0,128.0,6.26,48,2.0,3750,22999
638,I Kall K6610,3.5,6.0,64.0,4.5,48,,3000,599
639,"iQOO 3 (5G) (Tordo Black, 256 )",4.4,12.0,25.0,6.44,48,13.0,4440,44990
640,Nokia 150,4.2,4.0,4.0,4.54,48,,1020,2135
641,"OPPO Reno 10x Zoom (Ocean Green, 256 )",4.5,8.0,256.0,6.6,48,13.0,4065,41990
642,Hicell C2 Dezire,3.4,6.0,32.0,4.5,48,,1050,629
643,Hicell C2 Dezire,3.4,6.0,32.0,4.5,48,,1050,629
644,"Realme 2 Pro (Black Sea, 128 )",4.5,8.0,128.0,6.3,48,2.0,3500,15490
645,Blacear B5 Nex,3.7,8.0,64.0,4.5,64,,1050,799
646,"Vivo V19 (Mystic Silver, 256 )",4.4,8.0,256.0,6.44,48,8.0,4700,31990
647,Lava 34 Plus,4.2,6.0,32.0,4.54,64,,2500,1619
648,Micax X750,4.2,6.0,32.0,4.54,48,15.0,2500,1259
649,Nokia 106,4.2,4.0,4.0,4.5,64,15.0,3500,1349
650,Blacear C-99 Sultan,3.6,8.0,64.0,4.54,64,15.0,2500,1079
651,Karbonn K9 SPY,3.9,4.0,64.0,4.54,64,,1750,1399
652,Kechaoda A27,4.1,6.0,32.0,3.7,64,15.0,3500,945
653,Kechaoda K115,4.1,6.0,32.0,4.4,48,,2500,970
654,Easyfone Royale,4.1,6.0,32.0,4.54,48,20.0,3500,3399
655,"OPPO A9 2020 (Vanilla Mint, 128 )",4.3,8.0,128.0,6.52,48,8.0,5000,15990
656,I Kall K33 New,3.7,6.0,64.0,4.54,48,,1500,749
657,"OnePlus 7T Pro (Haze Blue, 256 )",4.6,8.0,256.0,6.67,48,1.0,4085,46969
658,Lava Gem,4.3,6.0,32.0,4.58,64,,1750,1799
659,"OPPO F11 Pro (Aurora Green, 128 )",4.4,6.0,128.0,6.5,48,5.0,4700,17990
660,Kechaoda K116 Plus,4.0,6.0,32.0,4.77,48,,3000,980
661,MTR Ferrari,4.1,8.0,64.0,4.77,48,18.0,3000,1275
662,MTR Ferrari,4.1,8.0,64.0,4.77,48,18.0,3000,1275
663,MTR Ferrari,4.1,8.0,64.0,4.77,48,18.0,3000,1275
664,Itel IT 2163,4.0,6.0,32.0,4.5,48,,3000,949
665,"Samsung Galaxy M31 (Ocean Blue, 128 )",4.5,6.0,128.0,6.4,64,8.0,6000,19900
666,"Google Pixel 3a (Just Black, 64 )",4.5,4.0,64.0,5.6,35,20.0,3000,30999
667,Micax X740,3.8,12.0,64.0,4.54,48,,2800,1460
668,"OPPO Reno2 (Luminous Black, 256 )",4.5,8.0,256.0,6.5,48,8.0,3800,38990
669,"Samsung Galaxy S10 Lite (Prism White, 128 )",4.5,8.0,128.0,6.7,48,12.0,4700,42999
670,Muphone M380,3.9,6.0,32.0,4.4,64,22.0,3500,890
671,"Samsung Galaxy A50s (Prism Crush Black, 128 )",4.3,4.0,128.0,6.4,48,8.0,3800,18570
672,"OPPO F9 Pro (Twilight Blue, 64 )",4.5,6.0,64.0,6.3,48,2.0,3500,18990
673,Jmax M40,3.7,6.0,32.0,4.5,64,,1050,699
674,"Vivo V17Pro (Glacier Ice White, 128 )",4.5,8.0,128.0,6.44,48,13.0,4100,29499
675,Kechaoda K111,4.1,6.0,32.0,4.5,48,,3000,985
676,"Redmi Note 6 Pro (Rose Gold, 64 )",4.5,4.0,64.0,6.26,35,5.0,3000,15990
677,Kechaoda K111,4.1,6.0,32.0,4.5,48,,3000,985
678,Nokia 105 ss,4.3,4.0,4.0,4.5,64,,3500,3000
679,I Kall K11,3.4,6.0,64.0,4.5,48,,3000,599
680,"Redmi Note 8 Pro (Gamma Green, 128 )",4.4,6.0,128.0,6.53,64,8.0,4550,17999
681,"Samsung Galaxy S10 Lite (Prism Blue, 512 )",4.5,8.0,128.0,6.7,48,12.0,4700,47999
682,"Blacerry Evolve (Black, 64 )",3.7,4.0,64.0,5.99,38,13.0,3800,24999
683,"POCO F1 (Steel Blue, 128 )",4.5,6.0,128.0,6.18,35,5.0,3800,18999
684,"Samsung Galaxy A70s (Prism Crush Red, 128 )",4.4,8.0,128.0,6.7,64,5.0,4700,29999
685,"POCO F1 (Graphite Black, 256 )",4.5,8.0,256.0,6.18,35,5.0,3800,22999
686,Megus Ultra,3.9,6.0,32.0,4.54,64,,4100,1099
687,"OPPO A9 (Marble Green, 128 )",4.4,4.0,128.0,6.53,48,2.0,3500,16490
688,Jmax M40 Coo of Two,3.8,6.0,32.0,4.5,64,,1050,1299
689,Easyfone Star,3.8,6.0,32.0,4.7,64,22.0,2500,3999
690,"Wizphone WP (Black, 16 )",,2.0,16.0,5.5,8,,4200,5498
691,Kechaoda A27,4.1,6.0,32.0,3.7,64,22.0,3500,990
692,"Redmi Note 6 Pro (Rose Gold, 64 )",4.5,6.0,64.0,6.26,35,5.0,3000,16675
693,Micax X381,3.8,6.0,32.0,4.77,48,,3000,995
694,Micax X381,3.8,6.0,32.0,4.77,48,5.0,4700,959
695,BlackZone ATOM,3.0,8.0,64.0,4.54,48,,3800,699
696,"Vivo Y15 (Burgundy Red, 64 )",4.4,4.0,64.0,6.35,38,2.0,5000,12900
697,I Kall K28 Coo of Two Mobiles,3.4,6.0,64.0,4.54,20,,3500,1199
698,I Kall K28 Coo of Two Mobiles,3.4,6.0,64.0,4.54,20,5.0,3500,1299
699,Lava 34 ,4.0,6.0,32.0,4.54,64,,2500,1699
700,"OPPO A9 (Fluorite Purple, 128 )",4.4,4.0,128.0,6.53,48,2.0,3500,16490
701,Lava A1,4.2,12.0,24.0,4.77,48,,3500,999
702,"Mi 10 (Twilight Grey, 128 )",4.6,8.0,128.0,6.67,26,20.0,4780,51987
703,"Mi 10 (Coral Green, 256 )",4.6,8.0,256.0,6.67,26,20.0,4780,53990
704,I Kall K25 Coo of Two Mobiles,3.5,6.0,64.0,4.5,48,5.0,3000,1199
705,I Kall K25 Coo of Two Mobiles,3.5,6.0,64.0,4.5,48,,3000,1099
706,"Nokia 2.3 (Sand, 32 )",4.0,2.0,32.0,6.2,38,2.0,3800,9499
707,Good One Magic,4.1,6.0,32.0,4.7,48,,3800,1399
708,I Kall K24 New Coo of Two Mobiles,3.6,6.0,64.0,4.5,48,5.0,3000,1099
709,"Huawei Y9 Prime 2019 (Sapphire Blue, 128 )",4.3,4.0,128.0,6.59,48,8.0,3800,16899
710,"Vivo S1 (Diamond Black, 128 )",4.4,6.0,128.0,6.38,48,8.0,4700,19990
711,ITEL magic 1 max,3.9,8.0,8.0,4.58,48,,1900,1680
712,"Samsung Galaxy A80 (Ghost White, 128 )",4.4,8.0,128.0,6.7,48,8.0,3000,40900
713,I kall k6300 NEW,3.9,6.0,32.0,4.58,48,,3000,1499
714,I kall k6300 NEW,3.9,6.0,32.0,4.58,48,,3000,1499
715,I Kall K 54,3.6,6.0,32.0,4.5,48,8.0,3000,639
716,Detel D1 Cha,3.7,6.0,32.0,4.5,48,,3000,645
717,I Kall K33 New,3.7,6.0,64.0,4.54,48,8.0,1500,749
718,Nokia 105 SS,4.3,4.0,4.0,4.77,64,,3500,1349
719,"Honor 20 (Sapphire Blue, 128 )",4.4,6.0,128.0,6.26,48,2.0,3750,22999
720,"Redmi K20 Pro (Carbon Black, 256 )",4.5,8.0,256.0,6.39,48,13.0,3800,29999
721,I Kall K11 Coo Of Two Mobile,3.4,6.0,64.0,4.5,48,,3000,1099
722,Nokia 3310 DS,3.8,4.0,64.0,4.54,48,,1200,4277
723,Karbonn K24 Plus Pro,3.8,6.0,32.0,4.54,48,,2800,1390
724,Micax X742,3.8,6.0,32.0,4.54,25,11.0,3800,1280
725,Micax X1i-2017,3.9,6.0,32.0,4.54,48,13.0,3000,1350
726,Nokia TA-1010/105,4.3,4.0,4.0,4.5,64,14.0,3500,1269
727,MTR Ferrari,4.1,8.0,64.0,4.77,48,,3000,1275
728,"POCO F1 (Armoured Edit, 256 )",4.5,8.0,256.0,6.18,35,5.0,3800,22999
729,I Kall K3312 Coo,3.5,6.0,64.0,4.5,48,20.0,3000,1199
730,"Alcatel 1 (Metallic Blue, 8 )",2.8,1.0,8.0,5.0,8,,2000,4999
731,"Alcatel 1 (Metallic Black, 8 )",2.8,1.0,8.0,5.0,8,,2000,4999
732,"OnePlus 7 (Mirror Grey, 256 )",4.6,8.0,256.0,6.41,48,5.0,3000,36999
733,"OnePlus 7 (Mirror Grey, 128 )",4.6,6.0,128.0,6.41,48,5.0,3000,32999
734,"Samsung Galaxy S10 Lite (Prism White, 128 )",4.5,8.0,128.0,6.7,48,12.0,4700,42999
735,Muphone M380,3.9,6.0,32.0,4.4,64,,3500,890
736,"OPPO Reno2 (Luminous Black, 256 )",4.5,8.0,256.0,6.5,48,8.0,3800,38990
737,I Kall K28,3.4,6.0,64.0,4.54,20,,3500,639
738,"Samsung Galaxy A50s (Prism Crush Black, 128 )",4.3,4.0,128.0,6.4,48,8.0,3800,18570
739,"OPPO F9 Pro (Twilight Blue, 64 )",4.5,6.0,64.0,6.3,48,2.0,3350,18990
740,Jmax M40,3.7,6.0,32.0,4.5,64,,1050,699
741,"Samsung Galaxy A70s (Prism Crush White, 128 )",4.2,6.0,128.0,6.7,64,5.0,4700,25900
742,"Vivo V17Pro (Glacier Ice White, 128 )",4.5,8.0,128.0,6.44,48,13.0,4100,29499
743,Kechaoda K111,4.1,6.0,32.0,4.5,48,,3000,985
744,Kechaoda K111,4.1,6.0,32.0,4.5,48,,3000,985
745,"LG V30+ (Black, 128 )",4.3,4.0,128.0,6.0,48,13.0,3000,24999
746,Nokia 105 ss,4.3,4.0,4.0,4.5,64,,3500,3000
747,I Kall K11,3.4,6.0,64.0,4.5,48,,4700,599
748,"Samsung Galaxy A50 (White, 64 )",4.4,6.0,64.0,6.4,48,5.0,3800,18999
749,"Apple iPhone 11 Pro (Space Grey, 512 )",4.7,8.0,64.0,5.8,35,12.0,3500,140300
750,"Samsung Galaxy S10 Lite (Prism Blue, 512 )",4.5,8.0,128.0,6.7,48,12.0,4700,47999
751,"Samsung Galaxy A70s (Prism Crush Red, 128 )",4.4,8.0,128.0,6.7,64,5.0,4700,29999
752,"Blacerry Evolve (Black, 64 )",3.7,4.0,64.0,5.99,38,13.0,3800,24999
753,"POCO F1 (Steel Blue, 128 )",4.5,6.0,128.0,6.18,35,5.0,3800,18999
754,"POCO F1 (Graphite Black, 256 )",4.5,8.0,256.0,6.18,35,5.0,3800,22999
755,"OPPO A9 (Marble Green, 128 )",4.4,4.0,128.0,6.53,48,2.0,4020,16490
756,Megus Ultra,3.9,6.0,32.0,4.54,64,11.0,4100,1099
757,Jmax M40 Coo of Two,3.8,6.0,32.0,4.5,64,,3500,1299
758,Easyfone Star,3.8,6.0,32.0,4.7,64,12.0,2000,3999
759,"Wizphone WP (Black, 16 )",,2.0,16.0,5.5,8,,4200,5498
760,Kechaoda A27,4.1,6.0,32.0,3.7,64,,3500,990
761,"OnePlus 7 Pro (Nebula Blue, 256 )",4.5,8.0,256.0,6.67,48,8.0,3800,42990
762,"OnePlus 7 Pro (Mirror Grey, 128 )",4.6,6.0,128.0,6.67,48,8.0,3800,42990
763,"Samsung Galaxy S10 Lite (Prism Black, 512 )",4.5,8.0,128.0,6.7,48,12.0,4700,47999
764,InFocus POWER 2,4.1,8.0,64.0,4.54,64,,2500,1199
765,"Apple iPhone 8 (Silver, 64 )",4.5,8.0,64.0,4.7,35,7.0,3500,38999
766,"Samsung Galaxy S20+ (Cloud Blue, 128 )",4.5,8.0,128.0,6.7,64,1.0,4700,77999
767,Blacear I7 Trio,3.7,6.0,32.0,2.0,64,,1550,1699
768,Micax X742,3.8,6.0,32.0,4.54,25,15.0,2500,1240
769,Karbonn KX23,4.0,6.0,32.0,4.54,48,11.0,1900,1399
770,Lava A3,4.2,4.0,3.0,4.77,48,,1750,1299
771,Karbonn K451 Power,3.8,6.0,32.0,4.54,48,,3000,1349
772,"Apple iPhone 11 Pro Max (Space Grey, 64 )",4.7,8.0,64.0,6.5,35,12.0,3500,117100
773,"Apple iPhone 11 Pro (Silver, 512 )",4.7,8.0,64.0,5.8,35,12.0,3500,140300
774,"Samsung Galaxy S10 (Prism White, 512 )",4.6,8.0,128.0,6.1,48,12.0,3000,563000
775,"OnePlus 6T (Speed Orange, 256 )",4.1,10.0,25.0,6.41,48,2.0,3000,39999
776,Lava A1,4.2,12.0,24.0,4.77,48,,3000,1149
777,"Micax Canvas Infinity (Black, 32 )",4.1,3.0,32.0,5.7,38,1.0,2900,9990
778,Lava A1 Josh,4.2,4.0,64.0,4.5,64,22.0,3500,1098
779,Lava A1 Josh,4.2,4.0,64.0,4.5,64,,3000,1099
780,Micax X749,4.2,6.0,32.0,4.54,48,22.0,1750,1390
781,I Kall K3312 Coo,3.5,6.0,64.0,4.5,48,22.0,3000,1199
782,Peace P4,3.5,8.0,25.0,4.5,48,22.0,3500,697
783,I Kall k111 new,3.6,6.0,64.0,4.54,48,14.0,3000,699
784,Blacear i7 Trio,3.8,12.0,24.0,2.0,64,14.0,1550,1690
785,Karbonn K334,3.7,6.0,32.0,4.77,48,12.0,1750,927
786,Snexian Guru 332,,6.0,32.0,4.5,64,21.0,3000,649
787,Snexian Guru 332,,6.0,32.0,4.5,64,32.0,3000,649
788,Snexian Guru 324,,6.0,32.0,4.5,64,,3000,649
789,Snexian Guru 324,,6.0,32.0,4.5,64,12.0,3000,649
790,Kechaoda K2,3.9,6.0,32.0,4.5,48,,3000,900
791,Jivi R21Plus,4.3,1.0,16.0,4.5,48,8.0,3000,869
792,Jivi R21Plus,4.3,1.0,16.0,4.5,48,8.0,3000,798
793,"Redmi K20 (Glacier Blue, 128 )",4.5,6.0,128.0,6.39,48,13.0,4030,24999
794,Nokia 105,4.2,4.0,4.0,4.5,64,13.0,3500,1575
795,"Moto One (White, 64 )",4.1,4.0,64.0,5.9,38,2.0,3000,14999
796,Nokia 105 SS,4.3,4.0,4.0,4.77,64,,3500,1349
797,"Vivo V17Pro (Midnight Ocean Black, 128 )",4.5,8.0,128.0,6.44,48,13.0,4100,29499
798,"LG Q7+ (Black, 64 )",3.4,4.0,64.0,5.5,48,5.0,3000,13999
799,Jivi N3,4.1,6.0,32.0,4.54,64,20.0,3500,949
800,"Samsung Galaxy A50 (Blue, 64 )",4.4,6.0,64.0,6.4,48,5.0,3800,18999
801,Nokia 105,4.2,4.0,4.0,4.5,64,13.0,3500,1599
802,"Vivo Y91i (Ocean Blue, 16 )",4.4,2.0,16.0,6.22,38,5.0,4030,9350
803,Micax X1i-Pop,4.1,4.0,40.0,4.77,48,,3000,1080
804,Nokia 3310 DS,3.8,4.0,64.0,4.54,48,13.0,1200,3580
805,Lava 34 ,4.0,6.0,32.0,4.54,64,11.0,2500,1695
806,Easyfone Amico,3.5,6.0,32.0,4.52,48,,3500,2599
807,"Apple iPhone 11 Pro Max (Gold, 64 )",4.7,8.0,64.0,6.5,35,12.0,3500,117100
808,"Black Shark 2 (Shadow Black, 128 )",4.4,6.0,128.0,6.39,48,12.0,3800,31999
809,"Samsung Galaxy S8 Plus (Midnight Black, 64 )",4.6,4.0,64.0,6.2,35,8.0,3500,53990
810,InFocus POWER 2,4.1,8.0,64.0,4.54,64,,2500,1390
811,InFocus Vibe 1,3.6,6.0,32.0,4.5,48,,3000,898
812,"OPPO A5s (Gold, 64 )",4.3,4.0,64.0,6.2,38,2.0,4230,15656
813,Gfive U229 Coo of Two,3.9,6.0,32.0,4.5,64,,3000,1089
814,Nokia 105 SS,4.3,4.0,4.0,4.77,64,,3500,1349
815,"Moto One (White, 64 )",4.1,4.0,64.0,5.9,38,2.0,3000,14999
816,Nokia 105,4.2,4.0,4.0,4.5,64,13.0,3500,1575
817,"Redmi K20 (Glacier Blue, 128 )",4.5,6.0,128.0,6.39,48,13.0,3800,24999
818,"LG Q7+ (Black, 64 )",3.4,4.0,64.0,5.5,48,5.0,3000,13999
819,Jivi N3,4.1,6.0,32.0,4.54,64,20.0,3500,949
820,Nokia 105,4.2,4.0,4.0,4.5,64,13.0,3500,1599
821,"Vivo Y91i (Ocean Blue, 16 )",4.4,2.0,16.0,6.22,38,5.0,4030,9350
822,"Samsung Galaxy A50 (Blue, 64 )",4.4,6.0,64.0,6.4,48,5.0,3800,18999
823,Lava 34 ,4.0,6.0,32.0,4.54,64,,2500,1695
824,Nokia 3310 DS,3.8,4.0,64.0,4.54,48,15.0,1200,3580
825,Micax X1i-Pop,4.1,4.0,40.0,4.77,48,15.0,3000,1080
826,Easyfone Amico,3.5,6.0,32.0,4.52,48,,3500,2599
827,"Apple iPhone 11 Pro Max (Gold, 64 )",4.7,8.0,64.0,6.5,35,12.0,3500,117100
828,"Samsung Galaxy S8 Plus (Midnight Black, 64 )",4.6,4.0,64.0,6.2,35,8.0,3500,53990
829,"Black Shark 2 (Shadow Black, 128 )",4.4,6.0,128.0,6.39,48,12.0,3800,31999
830,InFocus Vibe 1,3.6,6.0,32.0,4.5,48,,3000,898
831,Karbonn K24 Plus Pro,3.8,6.0,32.0,4.54,48,12.0,2800,1299
832,InFocus POWER 2,4.1,8.0,64.0,4.54,64,,2500,1390
833,"Alcatel 5V (Spectrum Blue, 32 )",4.4,3.0,32.0,6.2,48,1.0,3800,9790
834,JIVI JV 12M,3.7,10.0,32.0,4.5,64,,3500,799
835,Blacear B5 Grip,3.5,6.0,32.0,4.5,64,15.0,1050,799
